CREATE DATABASE  IF NOT EXISTS `deliberationbachelor` /*!40100 DEFAULT CHARACTER SET utf8mb4 COLLATE utf8mb4_unicode_ci */ /*!80016 DEFAULT ENCRYPTION='N' */;
USE `deliberationbachelor`;
-- MySQL dump 10.13  Distrib 8.0.21, for Win64 (x86_64)
--
-- Host: localhost    Database: deliberationbachelor
-- ------------------------------------------------------
-- Server version	8.0.21

/*!40101 SET @OLD_CHARACTER_SET_CLIENT=@@CHARACTER_SET_CLIENT */;
/*!40101 SET @OLD_CHARACTER_SET_RESULTS=@@CHARACTER_SET_RESULTS */;
/*!40101 SET @OLD_COLLATION_CONNECTION=@@COLLATION_CONNECTION */;
/*!50503 SET NAMES utf8 */;
/*!40103 SET @OLD_TIME_ZONE=@@TIME_ZONE */;
/*!40103 SET TIME_ZONE='+00:00' */;
/*!40014 SET @OLD_UNIQUE_CHECKS=@@UNIQUE_CHECKS, UNIQUE_CHECKS=0 */;
/*!40014 SET @OLD_FOREIGN_KEY_CHECKS=@@FOREIGN_KEY_CHECKS, FOREIGN_KEY_CHECKS=0 */;
/*!40101 SET @OLD_SQL_MODE=@@SQL_MODE, SQL_MODE='NO_AUTO_VALUE_ON_ZERO' */;
/*!40111 SET @OLD_SQL_NOTES=@@SQL_NOTES, SQL_NOTES=0 */;

--
-- Table structure for table `element`
--

DROP TABLE IF EXISTS `element`;
/*!40101 SET @saved_cs_client     = @@character_set_client */;
/*!50503 SET character_set_client = utf8mb4 */;
CREATE TABLE `element` (
  `id_element` int NOT NULL,
  `libelle_element` varchar(255) DEFAULT NULL,
  `module` int DEFAULT NULL,
  `professeur` int DEFAULT NULL,
  PRIMARY KEY (`id_element`),
  KEY `fk_module` (`module`),
  KEY `fk_professeur` (`professeur`)
) ENGINE=MyISAM DEFAULT CHARSET=utf8mb4 COLLATE=utf8mb4_unicode_ci;
/*!40101 SET character_set_client = @saved_cs_client */;

--
-- Dumping data for table `element`
--

LOCK TABLES `element` WRITE;
/*!40000 ALTER TABLE `element` DISABLE KEYS */;
/*!40000 ALTER TABLE `element` ENABLE KEYS */;
UNLOCK TABLES;

--
-- Table structure for table `etape`
--

DROP TABLE IF EXISTS `etape`;
/*!40101 SET @saved_cs_client     = @@character_set_client */;
/*!50503 SET character_set_client = utf8mb4 */;
CREATE TABLE `etape` (
  `id_etape` int NOT NULL,
  `libelle_etape` varchar(255) DEFAULT NULL,
  `filiere` int DEFAULT NULL,
  `diplomante` int DEFAULT NULL,
  PRIMARY KEY (`id_etape`),
  KEY `fk_filiere` (`filiere`)
) ENGINE=MyISAM DEFAULT CHARSET=utf8mb4 COLLATE=utf8mb4_unicode_ci;
/*!40101 SET character_set_client = @saved_cs_client */;

--
-- Dumping data for table `etape`
--

LOCK TABLES `etape` WRITE;
/*!40000 ALTER TABLE `etape` DISABLE KEYS */;
INSERT INTO `etape` VALUES (1,'1ere année',1,0),(2,'2eme année',1,0),(3,'3eme année',1,1),(4,'1ere année',2,0),(5,'2eme année',2,0),(6,'3eme année',2,1),(7,'1ere année',3,0),(8,'2eme année',3,1);
/*!40000 ALTER TABLE `etape` ENABLE KEYS */;
UNLOCK TABLES;

--
-- Table structure for table `etudiant`
--

DROP TABLE IF EXISTS `etudiant`;
/*!40101 SET @saved_cs_client     = @@character_set_client */;
/*!50503 SET character_set_client = utf8mb4 */;
CREATE TABLE `etudiant` (
  `id` int NOT NULL,
  `academy` varchar(255) DEFAULT NULL,
  `bac_place` varchar(255) DEFAULT NULL,
  `bac_type` varchar(255) DEFAULT NULL,
  `bac_year` int DEFAULT NULL,
  `date` datetime DEFAULT NULL,
  `birth_place` varchar(255) DEFAULT NULL,
  `city` varchar(255) DEFAULT NULL,
  `cne` varchar(255) DEFAULT NULL,
  `establishment` varchar(255) DEFAULT NULL,
  `first_name_ar` varchar(255) DEFAULT NULL,
  `first_name_fr` varchar(255) DEFAULT NULL,
  `gender` varchar(255) DEFAULT NULL,
  `high_school` varchar(255) DEFAULT NULL,
  `last_name_ar` varchar(255) DEFAULT NULL,
  `last_name_fr` varchar(255) DEFAULT NULL,
  `massar_edu` varchar(255) DEFAULT NULL,
  `mention` varchar(255) DEFAULT NULL,
  `nationality` varchar(255) DEFAULT NULL,
  `province` varchar(255) DEFAULT NULL,
  `registration_date` datetime DEFAULT NULL,
  PRIMARY KEY (`id`)
) ENGINE=MyISAM DEFAULT CHARSET=utf8mb4 COLLATE=utf8mb4_unicode_ci;
/*!40101 SET character_set_client = @saved_cs_client */;

--
-- Dumping data for table `etudiant`
--

LOCK TABLES `etudiant` WRITE;
/*!40000 ALTER TABLE `etudiant` DISABLE KEYS */;
INSERT INTO `etudiant` VALUES (295,'meknes','midelt','sm',2018,'2000-05-24 00:00:00','midelt','Midelt','VA123154','my rachid','خالد','Khalid','HOMME','my rachid','نعيمي','Naimi','M12001648','Trés bien','MA','midelt','2021-01-12 20:25:01'),(318,'meknes','meknes','math',2017,'1998-04-01 00:00:00','Meknes','Midelt','220','Bachelor','oussama','Oussama','HOMME','la rource bleu','boussif','Boussif','M12345678','Trés bien','BR','midelt','2021-01-13 16:13:49');
/*!40000 ALTER TABLE `etudiant` ENABLE KEYS */;
UNLOCK TABLES;

--
-- Table structure for table `filiere`
--

DROP TABLE IF EXISTS `filiere`;
/*!40101 SET @saved_cs_client     = @@character_set_client */;
/*!50503 SET character_set_client = utf8mb4 */;
CREATE TABLE `filiere` (
  `id_filiere` int NOT NULL,
  `nom_filiere` varchar(255) DEFAULT NULL,
  `etape` int DEFAULT NULL,
  PRIMARY KEY (`id_filiere`),
  KEY `fk_etape` (`etape`)
) ENGINE=MyISAM DEFAULT CHARSET=utf8mb4 COLLATE=utf8mb4_unicode_ci;
/*!40101 SET character_set_client = @saved_cs_client */;

--
-- Dumping data for table `filiere`
--

LOCK TABLES `filiere` WRITE;
/*!40000 ALTER TABLE `filiere` DISABLE KEYS */;
INSERT INTO `filiere` VALUES (1,'Genie Informatique',3),(2,'Genie Biomedical',3),(3,'Chimie appliquée',2);
/*!40000 ALTER TABLE `filiere` ENABLE KEYS */;
UNLOCK TABLES;

--
-- Table structure for table `filiere_inscriptions_administrative`
--

DROP TABLE IF EXISTS `filiere_inscriptions_administrative`;
/*!40101 SET @saved_cs_client     = @@character_set_client */;
/*!50503 SET character_set_client = utf8mb4 */;
CREATE TABLE `filiere_inscriptions_administrative` (
  `filiere_id_filiere` int NOT NULL,
  `inscriptions_administrative_id_ia` int NOT NULL,
  KEY `FKqgknn6856am7ti77bx88o8f1l` (`inscriptions_administrative_id_ia`),
  KEY `FKcnmgddltrcy1j2msc8th7v8hg` (`filiere_id_filiere`)
) ENGINE=MyISAM DEFAULT CHARSET=utf8mb4 COLLATE=utf8mb4_unicode_ci;
/*!40101 SET character_set_client = @saved_cs_client */;

--
-- Dumping data for table `filiere_inscriptions_administrative`
--

LOCK TABLES `filiere_inscriptions_administrative` WRITE;
/*!40000 ALTER TABLE `filiere_inscriptions_administrative` DISABLE KEYS */;
/*!40000 ALTER TABLE `filiere_inscriptions_administrative` ENABLE KEYS */;
UNLOCK TABLES;

--
-- Table structure for table `filiere_inscriptions_pedagogique`
--

DROP TABLE IF EXISTS `filiere_inscriptions_pedagogique`;
/*!40101 SET @saved_cs_client     = @@character_set_client */;
/*!50503 SET character_set_client = utf8mb4 */;
CREATE TABLE `filiere_inscriptions_pedagogique` (
  `filiere_id_filiere` int NOT NULL,
  `inscriptions_pedagogique_id_ip` int NOT NULL,
  KEY `FKpxr95s4gupu4c8vb3tdymo1uc` (`inscriptions_pedagogique_id_ip`),
  KEY `FKcj0rgq9ulof4uxn337juoy972` (`filiere_id_filiere`)
) ENGINE=MyISAM DEFAULT CHARSET=utf8mb4 COLLATE=utf8mb4_unicode_ci;
/*!40101 SET character_set_client = @saved_cs_client */;

--
-- Dumping data for table `filiere_inscriptions_pedagogique`
--

LOCK TABLES `filiere_inscriptions_pedagogique` WRITE;
/*!40000 ALTER TABLE `filiere_inscriptions_pedagogique` DISABLE KEYS */;
/*!40000 ALTER TABLE `filiere_inscriptions_pedagogique` ENABLE KEYS */;
UNLOCK TABLES;

--
-- Table structure for table `hibernate_sequence`
--

DROP TABLE IF EXISTS `hibernate_sequence`;
/*!40101 SET @saved_cs_client     = @@character_set_client */;
/*!50503 SET character_set_client = utf8mb4 */;
CREATE TABLE `hibernate_sequence` (
  `next_val` bigint DEFAULT NULL
) ENGINE=MyISAM DEFAULT CHARSET=utf8mb4 COLLATE=utf8mb4_unicode_ci;
/*!40101 SET character_set_client = @saved_cs_client */;

--
-- Dumping data for table `hibernate_sequence`
--

LOCK TABLES `hibernate_sequence` WRITE;
/*!40000 ALTER TABLE `hibernate_sequence` DISABLE KEYS */;
INSERT INTO `hibernate_sequence` VALUES (323),(323),(323),(323),(323),(323),(323),(323),(323),(323),(323),(323);
/*!40000 ALTER TABLE `hibernate_sequence` ENABLE KEYS */;
UNLOCK TABLES;

--
-- Table structure for table `inscription_administrative`
--

DROP TABLE IF EXISTS `inscription_administrative`;
/*!40101 SET @saved_cs_client     = @@character_set_client */;
/*!50503 SET character_set_client = utf8mb4 */;
CREATE TABLE `inscription_administrative` (
  `id_ia` int NOT NULL,
  `annee_academique` varchar(255) DEFAULT NULL,
  `date_pre_inscription` datetime DEFAULT NULL,
  `date_valid_inscription` datetime DEFAULT NULL,
  `etudiant` int DEFAULT NULL,
  `filieres_id_filiere` int DEFAULT NULL,
  `operateur` varchar(255) DEFAULT NULL,
  `document1` longblob,
  `photo` longblob,
  `encoded` varchar(255) DEFAULT NULL,
  `encoded_photo` varchar(255) DEFAULT NULL,
  `encoded_document1` varchar(255) DEFAULT NULL,
  `an` longblob,
  `bac` longblob,
  `cin` longblob,
  `document2` longblob,
  `encoded_an` varchar(255) DEFAULT NULL,
  `encoded_bac` varchar(255) DEFAULT NULL,
  `encoded_cin` varchar(255) DEFAULT NULL,
  `encoded_document2` varchar(255) DEFAULT NULL,
  `encoded_rv` varchar(255) DEFAULT NULL,
  `rn` longblob,
  PRIMARY KEY (`id_ia`),
  KEY `fk_etudiant` (`etudiant`),
  KEY `FKe43sw4q8dmqx5nnw7hnigv5l8` (`filieres_id_filiere`)
) ENGINE=MyISAM DEFAULT CHARSET=utf8mb4 COLLATE=utf8mb4_unicode_ci;
/*!40101 SET character_set_client = @saved_cs_client */;

--
-- Dumping data for table `inscription_administrative`
--

LOCK TABLES `inscription_administrative` WRITE;
/*!40000 ALTER TABLE `inscription_administrative` DISABLE KEYS */;
INSERT INTO `inscription_administrative` VALUES (296,'2018/2019','2021-01-12 00:00:00','2021-01-12 00:00:00',295,1,'Administrateur',NULL,NULL,NULL,NULL,NULL,NULL,_binary 'QRR4P-F4FDP-H986R-RF6P3-7QK3R',_binary 'PNG\r\n\Z\n\0\0\0\rIHDR\0\0\n\0\0\0\0\0H\0\0\tEXtmxfile\0%3Cmxfile%20host%3D%22app.diagrams.net%22%20modified%3D%222021-01-09T15%3A04%3A30.296Z%22%20agent%3D%225.0%20(Windows%20NT%2010.0%3B%20Win64%3B%20x64)%20AppleWebKit%2F537.36%20(KHTML%2C%20like%20Gecko)%20Chrome%2F87.0.4280.141%20Safari%2F537.36%20Edg%2F87.0.664.75%22%20etag%3D%22lfUR3zF5NTbUW1H13H1s%22%20version%3D%2214.1.1%22%20type%3D%22device%22%3E%3Cdiagram%20id%3D%22OwgjLNJBIycCDtZY6UnE%22%20name%3D%22Page-1%22%3E3VnbctowEP0apk%2FNIHzBPAIJbafNNDOZtsmjsBdbjWxRWQ7Qr6%2BEZWNbJhAGQugLo11dLJ09e9YyHWscLz9xPI9uWQC00%2BsGy4513en1PNeTv8qxyh22080dISdB7kIbxz35C9pZDMtIAGltoGCMCjKvO32WJOCLmg9zzhb1YTNG60%2Bd4xAMx72Pqen9RQIR6WMVp1D%2Bz0DCqHgy6uqeGBeDtSONcMAWFZd107HGnDGRt%2BLlGKjCrsAlnzfZ0ltujEMi9pnw9Yb%2F%2Fp6u%2FvQn3S8WBJzZD%2BwjsvJlnjHN9In1bsWqgGAREQH3c%2BwreyGj3LFGkYiptJBs4nSeAz8jS5DPGs0IpWNGGV9PtwAFDvSlPxWcPUGlZ%2BD2LezKHr0H4AKWW0%2BHSswk14DFIPhKDtETSpg1z3pFHBabqNmFL6pErHRizZSwXHsDpmxoPF%2BDrQHtD0EoSbGAjBsoS3rMVTOL6dAXCqIqyAobIln5DU%2BB3rGUCMIS2TdlQrC4MmBISag6BFNhwtryJYrAzdgEGLyZ3xYb1%2FdgOjtObBCqx8ZyzdhYLaFxTxWZnhGZccTIUslUplKXBZ2x1Rl6MjbNMMnVpfRIY7QjLc6CdM9pIO04BtLIboG6fyqoTX25VkrNlWRHEJNEgf6BxEqGLxvrksJnw9pp0XIXxwosKtaHrlok8WkWQOkMa0O01YxIIIujNhOWQD0MkARDVXKlyeaQtKhSKVcBTiNVLNbzqBK1EfafQs6yJCjipR8ASyIepNm9crT1qCzdvl5WjVVhJBLPyiRlPpa7lMZm2toq5uUHVqd8mRQSFJZxH3ZrjMA8BLErQUySVUlU6CAHigV5ru%2BtjUV6uTtG5K5Lwlp2nbC23SBifiY9q%2Fom0VjI6e5YKD%2B0sdCa1OUZD%2Be5a%2FD8tqrY3Z9hiNzD1eQI2mC7DR1ueRt5W23ot2jDock9pcx%2Fyl0TorahM6l4fUe9l1K%2FyGdUzeYyt9vz%2Bdh5eVn5Zg0abBrsl28yXnhVGTZXA9LtGzZYa9duFLKRr3jUZPZ2JPMEsMg4pO8qn%2B3eufN58O7yufuKfC7rM6pW50qxPn199vaszxeoF3ZzoeYV98T1ubjuHYWcunM7%2FcpXvVNRaSdF0BbxOAFHkLWjFOzLEeOm6A2unLdlifl95I6vhX8QEH7pt0HbO3eFQOZXjv%2FiOnjg1e6Qa%2BQRyw3aV0zesN54Dco6B2qJcR88Wr2R5uYDeT588y%2BDdfMP%3C%2Fdiagram%3E%3C%2Fmxfile%3E$AR\0\0 \0IDATx^\x\\\\lzHHBAP0(T\rQAP\"@\D E)@\!\Cꦗ\|\3/!mٝ\\3\3{3ɼ{\{@\\8{W\H\0 \Z!`dTRP\\0ID\\"@	\H(H?N\B\"@A ` a\'` a\"@&@BA`R5GBA!\0 \&@BA\\;\n$CD\"@B@\MB@M\$DL@jT#C~\"@M\#w$CI\0 EI\0\0	J\	F\"DH\0	i\G0\H(\"@\0		7		4\r\" 0\n9\nRE\06\nҎ`ޑP%\"D\nn\nh\Z& D@`$*Us$\Z\" m$# J2D\00($$\$$\4L\"@H(T\H(H52\ D@\H(H;>yGBA0d\"`PH(HI(HiD	PT͑Pjd\/\"@	Pv|󎄂`(\ DP0pP0@\0\0   0P# \Ȑ_Di  \\	P!\"@A ` \&` a\"@&@BA`R5GBA!\0 \&@BA\\;\n$CD\"@B@\MBA\@)_R\\n\,*Spgq%\J\,P\\\\\nE%J%@eee3FFF\2L`j,\N3cXʸ\\\Vf6\&\ika\nK3caEֈ\0  ` 	]R@Va\nJST\r\!&2l\`ci+K3\dosS\\f\0551;e0A&3DR\DD%*8A@ye\\nWť\(.)GQqwJ%\\\\NKS8Z\\\\\f0%~ĩ  ` 	]XZ4y	\ٙ_+\loG;+8\[\6\ij\"B\\\/Fn^r\E\\+1\\m-\fk7;\Y\\\@\v\Z& B  $M	\\"`pXf )Iy%H\-FinN6h\bWG8Z\\\B\\5ya	2s\nSH\.^𶷀\"\\n\rғ\\r](:\.BBV`x\\\\.vpԓH\=y1R3\H\\EJFP	:[\\\n\\\:\0 5	P0{\N\(@\\f!\n\\Nqw\`\i\\8[\\\\Z64Ma\7 ` 9\H3Zy;\\\*5\IY7;K\ \ݖ2\r\HW$@BA/\](\\.µT9bR\q+Zy9Ht\\\l\%d .1vh\aNV\wD\0<\n0\P`߂rq99\&&j\ ?7\\\0w\rPQ\\tܼEE:y٣egLv A\E}\n\\\n\\r\\\ha\'&Q\r\\KE|r6t@\Z\!zOއ\P` E\\p\";:z\\\@\"(a\\":&W\\8\\ϑxNx\\" 8\n#A]\ng\d\\\ltl\n\\\ntKy\F\JE\VNxQ\Dh\0	`Q]\n7R\8u;>\\6VA\\UPTȫ	HL\E6\i ň!\!@B9t	ܢ2\DxK+nQ$:M-\t\]XȀ.p04\0	F\\tI(\\J\\߱ѫ:\u\\\-\\\\\O&FE\P(P\Ѝ+ǻÞVO\ٻ3/G\R\nv$ǉ\0	.RrZ:ڶvC-\r$*?\W\\֝t<\\\rlGFH(\cTk+X<t=O\nD׷[vb:A\ܨ\Q߂K\1$\"\\]G[8))C\vC?	-\\\t\";H(\N\3\nٸQ;\ҬY\\\\'PP\\}ǯ\"\\\Z\h\G<$ ` wԄ\$\\M+@\i$\0\\"MG\re(\4T\&@BA\\h\$b\\8q;#\D(5:s![i\\\\\\	\>DFH(\kdkK*B!#\%p\"\\\@\\0kH\\\\\k=}\jKm\BL#oR\n;\\C orptdJ	ܸ70#\r\0	\\\(02=\\Zu\ZfC\\n\rh\Х9 \"  xmw+PH\\\Z3Sm(\nlݼ\fg!Q/\-\"`\H(H\\n\\)vEB\Xo\"%)\;ӾeF\m M\\"%PH\+\ޫ\\]DԵ	lİne\'\0	P0)^O}\'t\r2\4Lu	\\\\\]ݦt= \Z&@BAÀb^,\\#x}xXZJ!1\%\.<f\\Hbޑ;D	P0%\2\np!5ß\d iM%~2y\\\զ& \Z @BAPhR,p<&vi\c0c«y\rgA\;a\ЪM1>\ӆ\K\\\\Z/&\\ىyKV\Bb,_8!=cG\%X\:|\&\Q\Q+G@\昡DL@jN,cT\"B:CB\\}Q-\\\XФPh\TPpp\VމiWB\eA\\0h:\nMgS-\\n_u\\BM/;\Z\q?ܰ\?\\=?1#\r;\]\ݨϞ</#N[\qį0g\\`mp\!<v\\"\\o\\6L޸}8Ĳ+U3\n\l\\w\+c\'ԙi\\7\\\Z~O\2	oN\rfeA\r}\8\\\o\T\wb\)k\\`\\"7\'\'\\\\q\\\>M\\'wѩ\-r\;\n\%Vw^z\ƲH\%T_vr\Ln\O\ЮSW\!\~bu&\"\'+\\uLP0jQ\NqmR\=d>a\1݅3g\\\!\P<\KN\l܉5K\\ý~T}e\\\\s\Z\ PPeȸ1\Ʀ-Tf\"M5n-/\\81ѭc)x\n%\zJ7\O\r\6ӆr%>?x\_\[+\\\/_?|\7c~}ƾo \\\0{xo\5\0j>4كzT\\0Ax\\\h\=4Y=U?\\?Uی	_KDP`\\QU[\\\k̪}\K5\\c\g\ZúzuN\\AkI\$:A2\n:\;)PhJF\?{\RZ+\\.5D\\5j`\6T\0O\y\S%:\_! M(z\\\\@bc_4YP\\\~\	a\\sXF0쿍a͋w5e{N&P\U	\K(4Fo\o\:B>1P\gu\Gͷ\n)P`\r\u2\nu\Wj$\\\"\\\c\M\VK(4\\\Uk\\(ԬQ`\8\\\u=\TkvlZ\̩կ\Z\:-\n\|gj\CHD?\t4T\PFP`,X&{QPe]\\`\0h:INM}\\nBP\[\n\\n[7__߼?O6?\zPK\:j{ PP{kOApvq!\o||&\\r|;3Z\zP}S;\QPZm \r\\C,@+3J ZrZƸ@+36]COңXBz%\Z\fcCY2\M\\tXBѢ\#uѦ״{6iS_D@=$\㥳W)Rj:Ɔv\Y~\f	lİnWO\zF։\0 ` B!N+:0\4\\|+)I\ٳM\:\"@Haٕ\B!]^_.$clh\LM\DA}K@YyGD\\n^pg\\n <\nr/-擱Q`d\'z5\4̆=w6\ТK\s\"@D\"@BA$\\V\nBy\{\\\Vn\F@I\z3	{g\ H(\ _]\0\\Nps54̚ҳ\e\\oANĈ\0\n҉F=P`I\\\lN,\X\CBRN$k\@w;	zH.\"@$rp5\0OtF\0\\\\ZW\\\Z:\Z&\Z5\1Qб5\]	6\l\\(\\`ci\ԡQ;!PP\\}ǯ\"\\\Z\t\kr\nrHQ(𙅋Iyҧ\\\r$\Z7\̜B8u]\)`x\\8\n:ƺ/U*ǡ\\xW \87vHt\\`P;7{PM\$\H(\\ eB[\\Ѷzt\\\<n\I\\\\\\@\3\K\\iE\[\BBC72P\\{[z\\홗_#\`)\\DC! ` .>sw\}\\\mi]Eo\Lt<h.>\>K@\r$\\%B[T㱙(Qviۖ)\\Kwa!\dz\\?\"\$\ZCI\5#gng\\\;\M\JW>m`Q1\"@sPh=jBG|N\\\FǶ\\M4I\\c\']+RѳmMoH ,\\0	JӠF\\\nU\\\\[kZZ\w\\~a)cq5.[#,L\GP\h\3,.Wpb\\\\y9<ZP\r\\r\\KE|r6t\D%	Mc\'D@t$Dv\\'rq99\&&j\ ?7Ыx\TJ܌O\\\\PTT=:{;\H.\ \'@BA\\=}\nl\e\Z1r8\\\h?\?w\,zءZ:Y5\#D@	P\\\㺾EBi^ty1\x;3<\[p=7\\ħd\nRn\'e\\An6r1-\\\Z]K\0	}h\1:\\\n\f .Yuw@KO\';V}Dn~1\rq/%	iq5\\m`mnb 4L\"@\Z\"@B!Bz!\n\бL\\\B\g!!0<]\\\\-\\h\E\ȋEJ\\EJFP	:[\\\n\\)s\'\4\" 4\nB=C\n5ÒST\\"$\ 9\J9٠-\\m-\-$\Z͆ݒm휑SH\.^𶷀i\ĆA\D\$\4H e\\/Ai\Vp7]aoc&\P^@^A	wiܼ\"\ȋWsSc\Z\\nvp\]a	PD\PP?0l\2d\"9\\`2\d29,͸\\[1\\\\&0351L\)\2T\-RY	\n%*\n+PV@iyJ\*V@,.)GQqwJ%\̸̀)L\lcgk3Z\0IpS\"@\ @B@n\r\n\LrVpgQ;+()WrgY6\n&PVL\r2#X&W\'N3cXʸ\\\Vf6\&\i\DY\ra5C#Դg!#3\\\BN^ \\CAa\nQ\\\\\\n\\ɘq\\V\r\l\aooG{G898\\\.npsu\'\5\\;\n\rғ\I(H\'\\¥dr\D@	\\{;qw\p7\6\p/`nao/oxzz\\\\\h\\\\\prr\\\`cc+++XXX\ܜL\rL<EEE(((\\.Gnn.T$#)9	%h\\ߖC+\6o폀6\\\4zl$\ZJ/$ }q\"\<<[:\'D\g\\嫗p\e܈k1א/#88;֭[s\'\0bLPܹs;cccq\Mܸq;m\\\>=ۣcN\ԡZ\eOBA\\\鐄8\kʲ	=t\\7aڻp\\E\*H#4\E\MQ\}^<_\!!\]K.kei4ǥKp\EDEF!2*\nvvxkB:@h\\Z\Z\j\\n\Z+%\$\rMHMO\\S\\\AYihB}8N=\gOr\\}E\޽\+}ILLN>\'N\ĉ`%G\>\\\\\ZX$.\	\?\Ñ?N`+\PVAАȸ\ѓq\\I\Z4C\Ѷm[gw\\-9rġCѧW_<\I<\`p\>$\"\rBÌ4}MlJ@µThe4\r\Me8\ŕk:|8Űa\ \\uU*ػw/\\#\;\駆\\!:i n6  n\\n\c@Wl\\00\\n\\\rY\.ހ7H\;9w\Z\{G`Ĉ\HN\\4L4\q7\كaO\a/ⱞfL\V$DͮI(h\}\\\.^Ї,Э#xyī\:I$R]?\\\\~\^A83a\5w\؁\m\^\x\ѐ\tc-\n\\BBA!\"V	\\\`ۮo\0t\PL8+HCX!\\[o\>}u{\\r8:8j\fZ\'\LҜ\"\O=H\+\\\\⫭u׷8q\"M___CƘ\\c\\\x{$8\;H\G\\nNPis,ŌͱAm6|äɓ\s\\\0[\Wb\ƍ\TLy{\\;	ɅD3P\צZ%\TrԮ)\Jk6~O>?\\\06\Z$?^#c\\w[rPJ$4\	\rV\<M=	.o{l\2be\իW\P#\8s\\͛kk7c>|[%	\\_ԞH(?\b$D\-\6i\\.\u6\r6S\r\E`\\mt\rN L:ՠƮ\r\y\\y=rC\" *~\uNBA{\\I\׋?B@\n\\n\B\\"@ ..SN5.T}aH(4!x؄B\v\\m,Z>\-{\[/\pF\ه\(\yX\rne\U\Wp3!]s[\.l!i\\U\\\\e&5\rs?7\Ns\F@5Cl\F<\\?\\\\6T]i5֮\+VLd̘;\\'\\\0:\.\cFa\1h\%Ks\Xd5抶\n\&.R$\\?\\YuJ	ɳ\'r[\\"\n\\\\\{\gY\W8aYr	\'Շ=?Q݂?\D\\kѸ٨i\E۬ɏqtR\Z$\n\-m۶\\\`OdZƍ\WhБO\nC\_P\ȣel݄޾ܿK(*\&j\u\\_Dۑ\\\?o\O?Ν;l\I@tt4^~\eziƏzCknP\\Zjq;\"BSBmS\r	\CUi\(;&V\L8\\\\r\WK1<t8	\\'iW\nZ,~\'$\Z\(\&jN!:%cU\\n\e\\@ZzjSSlz\\"?`?SB\bW\\œ1u-\4x\`\nUGME}\0\0 \0IDAT$4MX\"I(\L=\n\\CV\Ц\ٹ\xat(\\\isuY\5{D`8v-k_@Ӏ0k\\\\\M$4EVbvI(H+ \\k\\\y\r/	\\\ѽ;բk\\\\H\\\@B}\	a\nҊ-\,x\7Ϗ\3qUt6˺\\ν\ZABAche\ABAZ\%oV%B|׺\6Ao,1w\\Z酄FJ\(	iń]\1~\h\\ނM~j@^^\b릝\\Q\H(TI(H3.\P\\2e:\\Z a\\\{Wm|$G*M$4\\0{\\\6	]g`j\Zt\\MБPtPVlh\AZ\o>X.\ٳg낻\VZ\/\E\;	AqJ\	iņ{P(оg\0ТEKD\ŵs066\\n!\nҊ	i\C\\u\~}\'\\]mO\\\\\\MA#\S\sԀA!! Ji\" \ԃ\!uo\\Vm}\k\\\\b̜9gϞ\\ݻX\{=\Z;w\ĨQ\Z\[m\bo\w̘1\ݻwl3\'OĚ5k`ii{\\>aaaՂ&++\܆\\5\Gs\OqV\\Y\\\S\\I(RچH(H;>\ko,O>uP;77\>\E\h8v\\fkP`\ӧcݺuՂӷo_|\=r\HWg>j\fhǎ	m\\\h\b\g% Ji\" \wD>=\-[j0\֭\\\xb\\:{p~\7?\4V\_yf\\O:U\r\LX,Y\\O5\õ8q\"e\d\u6QPS<\`1>C\\3h\ \\\\\?\|e\\\D\\{\\^៿s`(m\CSҊԽ	\\<\\\Zw>\\C\\?Up\\nݚ\n΀^p{T9{\\B\\gb\m=gΜjĵcm6\rڏ\Ss?\	\\L\{~صQsꁍ!<<rLIa꡴vv/ؽBBA0\6DBAZbFi\C\ްR7U\0=ʉ#FM;\駟M5\>$$䁹}\\+\\˗/Ǽy8q\b\\jj{[YY=95{\\\F}BeB\I]5\\n\-	PJ\	iŇ\!uoQ\\L,\\7rBaȐ!|\\\\3??:L(HՃM-i\r&~	\n\\\U(\\3\gT3	՚\j$}oQFA\\?\n\\n&M=H+RF\n5\n\ͦ\0\ϟ\M=pU0\M\(\\\\QN ?iBgjf6 FA\\CH\&y}6ϧ\yP__{y\\V_:PF}\g¡uŚYkjQ_턶nrz\A[\nzT\Z\:\n\5ҪBo=^{kbٲe\zo\"o4Ԭ/P}롡A^)k*ɓ\']\|\N>kR\\w\u\zC7*M\z\	i{\+3şP}Auڣk/1.ZQ\z\\'	i{C{=!լȯ\^T\j\\\Z50^h\\n\9a\LBAZ\ohH]>\\\\\I(H+4 xHɛ\~\\ܺxf/X)KH\0V-]	\ (N\\Z# \ؐgD\́~>f\	xz\`n\C:*\r6`ރظj\`H(TI(H3.\`&Ϛ}!ña՗uBz\\n\O\Z\\[\'xD#غi\':w\n	J\ 	iŅIHLo||slX	J\.0o,1w\\Z0	`Q\nҊ	3J+bxr\g\zt\\\ګϏ\3aܸqjm۰n\zS{H$ԡ\גPVH(H+\,^f`\\w\\\kxaL(?\ݻݞ\Z\\\H\\\@\Z	a\nҊM=H+\f\h6\\\_\\\\\\\r+p\14\NHLLĀ0k\\\Q_H(htPN,\\$0y\D\;gu,Cg\o\8x\ \\\\\\\iJ\\0\\L4ßy\_{C\#!q\\耄4\@^`1OKVc\\aBزuهpxyy	jI@rr2ǐC1a$8HBA+\1PMyӜEu|\\m\\6LC?	DGG\\^ƨ\a(\gx$~zhT$h*fV<4\\Wk1\5MEu}w\[2\n\W9]/q\+\sZVq\	\\\3	i\CHo\EuO\n\\BpFۜ(A\\\sSW\:?u/I(h8P{q%\((\΢2wW(PR\β\n\J\PTBTBY	TVV\\1x< 3e2\XƝf&ư0q1\;m\M\\\f\\5\\Fxv\pճ\b;\@Aa,}E[MvG5H ..SN5.6\6\Z\n\$DNI(ϼ\\\2d\"9\\\)*C^QLd2\X\\Vf\i\\\073	\Lajjcv\`,3Lfĉ`Ad\"P\\rJ\+PZV\\r;KQPT\nVfpd)L\lcgk3XP?\MoW\x	,j\\nM\q-w\ކ\\,ǲ\\0u\\\5$C ,,\\\3\aHq\\" \BPoai\\%Hgg~2KPZ\\`o[K\\Xp\\n\nJ37yEȑ!+\\p\\,\ngks\\dj][Mp/]B,_zjjEgΜ\5ޛ1-\{\]P=\qYf )Iy%H\-FinN6h\bWG8Z\\\B;\@/\d\\"#\03]\0sS,\moo\'+.AGh`޲B\5?\\'ć.\nR\\JG\\\\j`P\`\d\ЅY\\"$dF=<]\\bG;K)K#\ȋ)GJF.R2J\\\n~NVh\b\\F\\8\\\\\n-\P\6|äɓ\sh&\g\'}Jlڸޚ)oOWq0m\\\\+\n\\\ظ\\Dv|\Y\$GDO2Db3\nYĬB;|\iC?\tEbZ.\d#!->\\wF\rMS\ssL={!jbs\\ܼ\\|uت\'NĴi\\\\\Զ	~zl޼[]\7exhL(LYul>n\\\\<\\laan\rf\\Z\\<1=\\Ɔ\4\\9\H3Zy;\\\*5\"D@\]VV)Y\IYpD\r\m)\P:),6\\\\]\b\a\С0qz\\ԶN>-`߾}\\\ptplDK.шP\\h\\O	6o\\T\\\&gcʷ\f\)\Y߅½\\"\\K#&Ug{O#޼\͸\%f!\\\=\\\ɪyFuUT`\\;`eeØ1c\@QQv\؁\my\ⵗFC&(1#\\(L]wG@yA߆6gh\0Na\\y\\P`߂rq99\&&j\ ?7\\\{\[UT(q3>7oCQQN^\\\`P\`\Ϟ6W(Ϲ\m\/`\\1#_aÄݛBאS{\\\wcϞ=t(\"\{Y»N\ni\Tנ\oNrf2%>4/7OB\\rp^.\\-\Z4@\}9ƥ\">9][:[KGX\z\rZ\\0s͋\nǁ\k/u\\><\r2	+J0qptl\	O?5\	ņBa\'[ʌ&\m\h6\>]]}\ۖo>\0Rd|\':slվ\\ZEW\K \1ɸ\ZƉ\~z_8l\pliE܆\\у8z0N9AcȐ8p ڶm+7E\֭[8r\8COx\x\pm\&_Bv,P`	7{\_\}]~\')k\n\*\\\upN\\\FǶ\\ͭH؊n$\ʭTl\G[;\\0^}SZ+,\n0,LL\ߧ\\ٓ8}$7կ_?\ח+/\Z+H<y\$N86\Ѿ\h_<޻Ng\b.P؂\\}?\\O\\\?\\\k6\\ZT7.B\Fng\\\;\Ɗ2RJy5\\\jOĐ\w\\?쓄ORw\n\:\b\rt	AHt\\]t+6c||<.]/\"*2\nQQ\#]CҹzD+\\M53\H(\L種	ܢ2\DxKF\6n.V|\]XȀ.pС\r`q\|\\1\p-\\Z\rsgPpкukg#\1\Ν;\7n\ƍ\ikg\\\uB]\¥&JҶB$c\)]\nsw\}\\\m=<@\\-\\G\?Pݯ֍u\\ce\ގAܝ8\M\rE½\KL9\\\OOk8;;\\\	\{]\\\\\\011^-T(@ii)JJJW\0\\\\\Evv6p?\>\\Ґd$%\'-}|\\\>~h\\\&vZc\n*Qcqja]\neJb%xw\\\͎Xwd,e`WIU*X\\_\9\HMKAzF\Z22ӹ匳s<\\.,,DqqJJKPVVƉ&\NlV&\Zx033,-`mm\m\lgk{{{8\;\\[\\\\rn\pc\kOH\Z*ؐ\HiR\n)\\-m[GV\'ͻH}\_[w\t{7x:Hc\lՂ\ϖİ\ZH\0	۶K\)=tBp@.I.P`\^h\Ҽ\\vb:A\\D/tE\\Yw	.\nZ\Yz7TpRRi\m\L~`[^8u]\\8{\\v۝O\WX/4\".\JZ7Bd|6ndbh40Fp\e\w*]\\O{\\\\Gs\`\-`QؒA&1cmqIM(L\մ>ёO\-/\\"MGV2+XņU2F\\U`SW5H\ \\x$b\\8q;#\D(\\\#l=/_\'7~q&VޏiУ\nİ!T\ 4\A\\ZR\n\u.	nζBY@zV>\'^\\W\ƭ9e\;8td?j7z<Z\'T*XK<%kM*Ba\{\\\VYdݸ70Gï\^q\z\Ϛ\v~uC*Xԁ:G΅iKA(#<ѓvkZ\\s`SY/;u\;\ߘy\\\He?`\/h\\hDD@$j|#\\"[\\6{\GZ\WO:[(\K˅d\r\rPa4@YyGD\\n^p\ܹ5o:N:\}PT\\¤\a/\njO\\'PhP*fl\[(G\\\z4o \Z\\\\\\\\'Ɠaȱ\c?yoN\\PPXϨ`Q\\\ZtPN,4ꉘB!5{clhw\.\\\r.|\\\\8\\w!\|\Z\0#\\9{SwN @BA$b\n\\`\\	]\n\\Co&#\~6s`t/}^熍OW/E\\˱\\ޭ\\"Dh\0	\pUk\\\=`ia*9.\4\10\02Zwl\-\\\kp\<x{\\\IO\\r\ѳW&1J\&\n7K(\e\Bj>?\Im\ގ\.\\n\A3,nw\00{\\\<9`>\\:/X@/6}\fDM\0\0@B@n\:\!\I_8^	\W\\\\r\\k\\~e\'\-Y\mw\\>_EZ>7YUw4rs0{L\0\z<V\\̩2kAuM\#6\'<Wᗝ\ןXb#.\\dN$j_kX3\\"{D\	P0[@,cT\"B:FI\GL\\-?pߔKJ|\l\É1R\nB>5HL\ET⃾C\+/#\a\2\g\\Xܾ;\\\ш\\'Z\\FƉ ` K(|y\6^\֍[)\)\nx;1\\F\\_o\\U\\\}\ǈܷoV`Úex\\\ܿo\?\\.|(}\\̘*n^s?\~Fįp\oU?Y6 ffϠ2vBuDu<\ߓ\3\n2P\n\&jhJl\i_X_]\\\\(.)\Է\\\?Qp\'\416A\hӪ\ZR8]K\ZGB\8\Ub	\\\Lc3\\OK0ЮSW\A\\\\=7^\A{\\\sz`?\C\\c8z\>~թ|~`|,\~=/6\LN|IX\\\|`\Z\o6\\\\\\h,\BJJ|n*,\-PZV\n/\jA\\DA pj\T&}\'\D@	HA(\\\08Ϡ\XB\71\Z~cj	jN\\ߜ<\r|@5;ѱ\#\(0a?FPΘ>w\C5-јj]{\G}-_\\~<l|\P]\3\c3\\ZMs7aSwǉs3\e49M\\'\0C\0\\'R\ZXBAJ\bF^(z}\C\~ùPh\YS4U(YP`Ys\\X2ozzv?{j߉\\\\\fxpءn_\)M\\,\\\سv2,п\\0<^u\\\N\Nv@C /J,\K(Y邺j\\(0qoqS5߄P\'\0;T\<`_P\B]o~2\⹵\_|K>dQ8}\Z0FFF1}\z\\}s\!0 XӮ}\"@THE(0\\0XY%.R% P\X15\n&\\\\XC\\YjU֬Q\\\ptr\ݺ?\dP_m`\Ue\CŖ5\n|#\\փ\\i6%(//\\\r\O̘\r/\`ll,\/Y#D\R\ṉ\0,\)V\K({\\^Ph\\\E|\V\Z%շ\n>X\kv\G\}BQaA\fQ\[\\r\'V\O;\I\{\A\!B/?;t\S\\\_B#iҿՙ&|[\nKC\0\HM(0Q%nS! P!XQ]\g\7ޡ\\\rن\\0\0 \0IDAT-k%~!1P`\0f_%JDO;K(\^zzC	<{=:sY?hVsb\w\\Ҫ\\\"@\# UF1\0\2\rް\\\\n\\=\ǆԶ{䀡\\0t\ص\\\l߂\{~\DBZ)\Z\>\'DaR\n\%\0\\\uS(\c\\t\r\N\"\a\\a}8\lX	y\g>vk\\ÉV, \Z\" u\vy	\,kޛS(0\\)vEzϚ˷R\=hx\'6^.}\`׷?c;ڙT=\t5Pք\GQ\L\\y\_\\\0\xF\vtyB\\H\\\P\\\0G\#b7/\Y<Deԛ/c\ȱxfа\\\+O\Z\rw7l߼m؟:\0\	ikEUV↑\\2\_`\J:\$ P`#<ѓ>\[@߀=?\\߇y\7\\Q#1ꭑذK$&a\W\Ϻvꦷh`D@lZ\nSW\(6뉉SW\\6\=\N\;\0\kǫbӵ \\C7[\\ZBW`7\\\\$\Q\%\\+E\"+;	\\\r\\/\?aѲX\ӫ9\"@k\0rB\\e:lK\\\\\Wc\XV>^KZ*B!#\%`ē\\L\\-=/㵞p\w̄;\ǿ\#\>\\?1qƛX$\N\Z\=E\\\n\d\\պ]a\\5\R\n,1ir͉+\\\n̂RN$k\@w?1)\Sj\\\\\I\"\x\Z\n\\]*\|\\\5G\'hB\lU?bRJB\½\\M+@\ainjQ1a#\\tpAp?>Z\^\t\'&5\r\G\h\t! ИPPK˅f\+\~\0]?	\md|6ndbh4\9\2\;~\\\礑\\ݎńo\З0e\tAFЈP.Nмz\0lףUIZ\Z=^)\n>p1)Cu\C\̜B8u]\\\$4e驘8\\r\\\\d\A@s.ԭ?PZ\\\%~90Tc~#UC\\T@a\C\N\\_gb0=\ZIb\Xh\*\0/X.IA\Ba\cQ.ά\0	aM[_\`FKY(0SrZ:ڶvCU\\\\í;\x<<6\WYY\\,X[[c\\'\\%AB1u	u歯̲\\\4\:\0azfJ\B\rBC72P\\{[\>X\ _#\`)\\D&\ZLGaa>\\\rdF\!\Z\0\4`BK9Yh\nEpXX\n\fѫ\ x\sw\}\\\m\\_3\x<8Hb.\wco`k\I D(L_{\\\^2d\\c{Ҳ\\\0;\A_\%b[T㱙(Qvi\.{35S\\Bp\dl\r>w\$@~?\! PhJ]B]\\nͬW`\0$\\ykB\'\\nO\΂wĻ\\-y5\\\YkMA\u5gnG\L)!hP.MݻV\\|J,\v96\઎YW?wp\n6:@`oZI74[<\$\\hk\xceۮo\\\m&%\\<f	!\\\,4^\\%\08(hh\A]\nMI9ܪ\\9\ִoZM\\":&W\Ҹ59\\\X\n4?\LYhP..\\+0U\L,7VW?\r\'.\˅:{\0h\N/\ոT\\'gkKN$X\@PeDIi!B\BAȺ\n\+0lg%x\C?\\J :)`lb6ns\]B\y;\ntGgo\\rHI5̈ M\n\4}J,\\lT\zt>\n\\\.µT9bR\q+Zyif?=-\\\\l\%d .1vh\aNVz9t\LJ/\J\BA]\v](\4V՞,p]Ͷ:}>8\\n%n\\fz\\\h\\V\\t֛oYv&>%wp;)nvrA-L\"\LJw\\\U\>UVnN\9PW`dl\\\\Sfw&E(\,DbV!|\\\\	>\pU_Ĵ\\\K\FBZ.|\\b\0WX\\}-4g+;\'i)H\HCFf:233\\\A\%%(++CEE\n\666	\\\`anKK+n\nk\\\\\\prp\\]\\\\έ\\HǆPhȠ|>idYn\ZPP\2\rw3]\"t/#/[)%#)y@%\\l?\'+r6\ACDTC\<O\\1	{	\0ssx{y\\\pwwG\pvv`ggXYY\\\\\(`\?h`⡴%%%(**BAA\r9rss,\ϸ4\"%%I\I(-)EK_􅯏Zk	\\*X(\#\B\!Pߜ2$e!)ɹ\(-W\\\-\\l\\h\mymgmlk猜\\\Gzv\Mer\(I\`\\'l\:\ZK\~\}\\z	W_ƍks\rr93(8hݺ5w2 ŝ;w3667o\č7\\\\\#8=:\NK]\z,\%\0Z\I(\MS\K\\2d䗠\\g{+8\Yފ\NS\\r(P ;\4Bn^r\E\\+1\\m-\fk7;\Y\tBs~\ͤ6Kq\0	wp>\\\ߋQ\\\=$!\CеkWt\\~~~:.>>.]\ŋȨ(\\\ᑮ!\\=Bz/ۏPC\n,\\Zn\n\G-UXR\#,WT6Vf4wZZr+F\\f\055	?5Xf\聇TVBDB\n\\\n+PZ^Ҳ\nK\QT\\Ɲť((*CR	{+3.3\hi\nG+S8ۘ\\\L\@R?:\iQ\\oakcN%\KQQ!>}Ξ\\\'\~o\ݻ7%\0\\\\\\8y\$N8V\Ѿ\h_<޻?\HBVH(/\0b#+$ŉ\2K\QPZEe\n\,P\\ɝe\n\vV(PBY	?\7U`,\؈`1,Le\iib+Ns\e\LTi\\7ʸ\ѓq\\I\Z4C\Ѷ-i\ǭ[p\\8pD^}D\\'\\\\M/\P_\ZUU	鄔Uq/\\:K,窲\>\r[\\\\\Le8\ŕk:|8Űa\ \\M#J%\݋DcNxaxvHNg\ZH(<xG|U\\E\H(H\'2_l\\?G\3\\&p\\fRl\\.\\jϹ\m\/ػ?#F\WFr‎`ag\{:\{\\4c\"\"0]\0ʪ^14\vMBAXMƲ	=t\\7aڻp\\E\*4\q3)R]?\\\\~\^A83a\5w\؁\m\^\x\ѐ\tc\n4@\n%(\0c\0L%gSu\\0k\0\\0p	xU\7M\X2\0#UPJ\,p@Zz*\\<( \4\}\L*\'7,K\0t\PL8+HCX!\\[o\>}u{\\r8:8j\fZoPP\VUL4\)	6}\0\Vqlθ$іa\	\?\Ñ?N`+\PVAШ\.o&n\\]\b\ĉ6m\Z|}}\f@\rG !!\ׯ\\͛17IpwhQ\rnPpʇ\06QP]X\f4\0`;~0K\r|ւ\ssU0a\\YOF\\\\\\\0Q\0\\%5\uv\g>[\=p-\/CYC\$\fRf\oO\\\±\u\u&Mwߝ\-gLز՟6nĤb\\,/BAݩ\?M\`\0L,dÜ0aQP\nW%\R\캆YI:L1	qCWXXe[V\w\'\*?v\AjBﱷoa\7B\K2Az\!\\5?\\'ć.OFKM4I 11G\\\\r\\R9!\8s_,Bm5LԖQ83:L,^%xu$\.DO\<XV[\G{\F\\\Z\]ʛI%܋\gk˗/C^Di*3g\`޼\{3\÷+[jJ(bF͟-\~\ZS\3MfFAuz\}*\0Y6\\b\\\U%X\\@\v$ĤO}\;)n&s6|f9\'Ne\ҡK\\\0\|7sF\'\P`ߚ\\0m0\ro=\fK%f\n\\(S5N=0\,_	|`\{;ҩ\\O=H\+9\L\\rX[ۊ+]}\",l=3,j+\"8L:\rV\\X\S\^\/\nT\YCUa \\ҝj\^\ey}F\\VϿ\\V=a,cinv\0X\n\+\&626\5\	I-̤\ͤ\\܅0z\(,\\\eU\N.Y;w|KVsӔ\>T\\9-gp`\ƼpJ\Z?g\0ؿM\0\0C\c&iV\0j\s\0vUk7hC(0_Ve\,{	i\!7bl&\\n\-m۶\\zHdOdƍ\WhБVflZ\0\4\mEBAꍦ\Z\"Wo&[n-M[\\r?:w\ɮȶK/c\K\0~^\%\l͆\NK\n\q=?c\{K`ai\V\[lfN֭\4\H\\4Hh\0\?c\\¿MF߲uهpxyYY:@rr2ǐC1a$B0)V\\j/\d\n\F\׋?B6\L\8x\ -d@[i\ZY싄BoЪ\&7ߜf,Ph\;woc\X<o\C\\}\\ه\(\yX\rne\U\Wp3!]K>[\ځ\ظj3\䷦a\\	xn\f(\rݨǀv\g X|?k?\P\vݦ\Xb\\\31c\dL4q	hb3\"z\\n;~P7\h\Z\\0fMaC\cHs	aؾ`KUf\0&BB~C=Up<{\"n\\\]U(Lg&~߻\=˵g?_q\e+pBaȈP}\S5\-Nd\\{I	^}xM~uKػ5I]y\r/	\\\ѽ;	\\\k\"##ѿ#\\kl$C\v\d\\\\E\\\ncB\\\\WE)z<\	xE\\\\!l\"9\qE@tE>EAADD>AAE`@-$@BB6Ȟܛ\&Z:KIn\}o\cnթs~/j\Fļq\\8\r\n\Y\\65&\da٥|nnD;VZC@än83g=\"g16˲\źͪPP\\\npTY\\FވB[BSS-	\\\Zi(\;b\aR\tİ啥/\Rw\y\֦\N\no7?<1\)U\"PP\+U#Ă\tJBuih\\ZB\)`\3d\+Қ1B J\y9MNYXO=\	AykZ[-\j8Ljm6(L\\\n\n\RHŁJJJ\kVCR\BAq\\0\\bK\n\RК1UaP,r\\%\\\\Be\\f?DPo\bF墢%{y&\\ߚ\\iq\<í\:\"\ob\\mXD,SP((\\ښ\	j1p^nZgBu\U.ً\0c\YHKK\vP\a䅥\\Glt\\PPeS\\\\!\\\y\\nǾ\Ho\ä\̹\S\`\~=[X	,Y\\\r+\nʱS3XQ{PpP\V>\MsIY,2\رܥ\Z$p\\9\\\\\/pssS\C\n\P6k\\\0}c/\n\"\tz\V>\\\II\'O4\/\\믷k\U0\x\G1l\0\}8E\rFƝQ׏V\<b([4\Zt\n\	C\ävIbA>Lj\kХ{|Iu:;\Coq0 ?\w\ލO?=zh}v\\\`\0\<-Z0q\>\sXbE\\Z\@Ud]\q\\>lK͛\G׮]u/b^z\%>g\&M5PPe@\"tWj+XBAA4E*Imϰz\{H蚈	So\s\c\ȑ,3g\DHH,X\ \\\ϟ\",[]B)\\*\<g\n\|\r\0\\L{BA161J\0)	N=(\IMVc$}?~\'t\\Yh\\\\\\Ǟ={ň_cƌ#㏸\k\G\\RiDA1zj\\]va\СQۋ:<Er𲨹Ph\?\\ĉ%S\G1Jo߾߭[\mN:\\\Xj\'b0`@q	B|̛7O\=$̙3\\li\l]\n\P\dh|\0\Ԫ)\O\\̨T\'4)&UYU2xyy,\Nlٲ\\.FƏ/M\rСCIDL4Ix)1}!\\\a\k\!M\r1 [Q\q*<R Dx(O\'4\'\KB\ڿK/\9`퓵\r\D,\rч\׿զ$\nAH=ޖ\MPP͆&6ٳe\ZP(M(T\d\ä\kjY(iPoQ\}]\\=gΜ\Y)~h[?\\Z+\\!)?\uBl\!\ۺu\Ek\Z\Z?\Z >4\Mm\#\/[ (Kj-6\\]c\...\8X\nِ\0\\\lnmc\n\\S*v2\QZZb1rr\J1\\\ҐC=3fHt!*K31oxPضm\E\H(\\r\\S\͍(XO]\6\)yB\S!p\h,KjXOsX\G\\X\\aREH\ZZ\Z&\	\\=j\\(pqlܸQZ_ ={l\"ض(}y50\ň&-ВP\_\\h툂< Q\nHj\m\!0\,\\&]\\\\0`/,R\\r\n\\.	O^o=Xk\r\"##EͭQ0L\r\[ O\S\kă\z}fK#\nB8ZOmȾwSS\Z\n9^QPXQKP\\Z\Q=\\\YX`\ZNP(A\69\vvFli}d\\\{\BB\\־ $\\Ҥ\-E~\Aoz꠩i:by\Am=Uޕ\\0\0 \0IDATU lO>a\\\r7d\7D=q7)\\y:Cn߫}r	;\~\bAlBiW(&\>{\\\\>~Fk\;3\Z-g;3:\X\\C\n)\~[\n\gh$<\H\n{<\\\ֲxF)\)\"N=(\\HVxzݶXyzd۸\Րba\Z*iG\=w\\R\{\4D,ya)\GAQ\Z~A,\`S{-S( ۓ\	<4{\Zn7F\Ր	7HlކK\V\H58\X\\Jl\BF`*W\ԃʀ\\ca\HM= \'a\Jݱf\:$\\\-֧Ph\+$_~baG[Ph+9u\q1:\\`/\Rw\y\\2\V:u*\ĬZQ\*\n3sD1 ƓX\\(\BM6\n\5\\'\\Y\{\1B|-]/\mVjh7<	8~MZP9._g~eR2v\؁A9{\\݋\Ç\_n\e={ƉBA5*Nip#@`-\%\ؼu^g\ЩS\'\;L%\_\~\Ɗj\nzlղ<\#Z\	BkI	\\a\m۷Ig&8c\\1`ʄTBAuĪt0b\lkzPh\r%\\ԃX;{OoY\~6\"&F\\\Ξ=\\10m\tJ`̪t?_8\R\n-\\\\\h_\\\ۚ\\G}~O\$\$ \qm`\\\$\)}?-0\\\BysP(h+\\n\ʇ3x\\_\\O@曝!$\`E\/\rY<\$IhB`?\j2\Bͥ:PP\\r\m\تyO\{\'ݍy\Xp!\}^Y:\\QQ(\*.\0\&\nU\(	\@yE9\$LUXb9\?\r,z$3^C\\[\0\\Ҕu(FI@\}^~c1-^3\\R,z\"b\\n<3xѧ1\nE;e_\\\r\\U)Zg\\Zz\'m\q&//]\\n,^W]uqa\$Y~\~۬g\9\\S(8<;1J\0Z[PPsr1c𱱍\B\7VFĳ\\\M6Gu\Ͽo>4\\Bw\\0 r\\nOBs=R(h+F\\,êwV`CaΜǹI/6Oz\װj\JL:\/\\VP\V>\\\0R\F)D-(AyUt-\eNk-\IW:\\سm\r\0npwsty\\U|\\\\\\\.]\tS6(Z3\bc\*]x\<\#3D\Z\n2##˗/\\ի\\2AZr\nME<\0l\(lgZYcAAE5\nʫPdAEj\\\\n_Ox\\S|\\\\^\p<<\\\&.W\\ErNz\J\Zk,EUu-\U50W\drs\MըC\'B\\\_{!\\\g\X-\q\M7a\\0t\PcAp@?#\^6\+L\^\3\>8\wI\zVz)ޥbổ\?{\}\\1\\QU\\J䉫\Ze ,\!Ep\\\\ZJ\+̌\JM((1\\\r\ވDD7\"\\\n\D_\\,X\:|\\Ŕ{\IY!`2\b\@|\\wa\m\\\GZ!Bk(黎8)fk5_|\nE#Y&dT\lU5uG\G?HYJ+*qE\8wy\pELb\+D5~_ll\-܂;\\ƍ#6ؼy3>\Slذ\nL\\\n\\W\oԆB7Κ\Dw\u\aڔ:}\u\W Є\D!:<Q\ӾtкԌ\\/Fv~	Pą\">\]:Ik#XH@0*[7a\כۑCH?\\\'KՕɥ:qq\&lڸ\G\Mno.\nݦ\6\N{{_/\}JsbF(b:!5i\+YP\`tE\`i\Z\ELWd\\Lv!2r\)\	\\i\n\V\\\\\m\w;wb\1;vn\t\\\N8o[n\\\p\U\0b\H\Z1\#S\ \b\\\\`0sc\ֻ[n\\Zb\\xn\#Ԍna\\0X!\ad\\\_g\tVNf \"\=#\32#\r\וu1\;kN{\k1\\a\B\=z\*8 q\;\?@|wk\uC\z\\R<(\r谍\Ñc1i\];g>nIU4\B\\"%	.1N9}iH\,@@\nD\P.nw\\\Sس\\;=e4p \Z_~w΂m嘞_w\>\1\`x%\umyݴP\M\\\\91҂\0nlr;Pq\l	\\\ѳ[z\GݝsJ\\pd,\Q\n\9w=c)Gp$\\JKѫW/\\٫\'ѵkW\w\!G\\\\\q\\)\JMM\c\q\\1\\nD\ѫGo\\~YIꇎ::Y\ZBeFNQ>\n$,|m~b4\XL)F|L(\1PW1\\ٜs8\\9:5\1v\'Sv*\r3N\"#3g2p&3^\^Ett\\\P#00P\uMoooxyy\\nn\Bł\\ZTUURzQ\\R8\\\AvYd\BUe:wC\\\8\uGnH蚀\n=dWVZ\BAQد6\\sbda\\KskZ/b\EHHJD\1Һ\N\_YE\\\\I,\ONeTXT\l\\\\"|\vƅ\(*)BII	J\J ͮ\lBeU%%Q āؼLlZ&D򆏏/cI\Vw@Dx$\"\Z\)ʖM\!\'R;3\\\~\0k\^!\lO\Ӆ{v@dq,c\cY\D\!]\\{7!w:5\0;L`\'Ў-7o݄\'\c@\+\\E\)Ů\AIq\\T3SkW#C\!@\z:j\\Y6}E-\\w$GVlƎ\\\"mĢmb3ݿ+0<F\H(Z	J\\Z\n\"?\\zC\ZYH\渍T~\,\\pU\x\w\l|0\%vDN\<\r\pIa$\\n퀧\n\"q\\ޕĂX	l\R][\\a \hOURf\{\\\\n\O(_\Z#{P\'m\Z \\|{\*|\?!\"\#\\uv[\{\N\l>ى>pc\Ds\lP\0L5i\ Xz)}Ez\"$X\ׇĂ\\G0\\։+\5yé\,\MIQ(E\\\*{Kq\~*|&mU\\\&\\\đ\[wE\ i\ P\O\\i[\\%\K۱!Ć&J\8_\'\\SIӴA\\j|\0zaPT\Z.n	P(\6u9\V zy\\g~\4֬Zg[\\#	sˑ<\rnU\4m\7$EsdA颇$ P0ȍ\ =\	`\w\M,%?,\-#pv\ԟAӆo\\n\\1Azl4\n\x{4Y\>\\_]\fjeUXK$\"\\l\rM LCx\0w\\w6齳Pp_O	 L=2g:<ڢܺ=g\3D=9cpx&\\ΓUF\(1MĤPͼ\:bm3\]\1\J\\hì:\~9ZK\z_\Hm(\\Mw\n\")ލ.q]1\[\\"\?\\\\\\r4Ik7\íb\I\	\0A\\0Bmm\r&M>I}\cs[`6c\ѧ{TuYX\AvV>\\\\<\\nd~*-;\nLv\f̹9%fl>\Ƀ\;+b\\Rͳ\q\\0~sg\j\@Qq!&McG	3\jҧmGs\1{\\\3+\gQrc.\\\"\!\HI(\\P\\n\"ܼL~`nʃ񨫯\\oSq\\+:i\\\ZqfݐW;I.IB 7BA <!,\7\~\3\\i\؟S#\ܿ\\'\XCЫK\;QH7\\I@(|R[(SO\,̚\n))\\:}M>Y\\\#.\7\\"/tҌe,mwߋ.\z4Y\00,{u!濸\pb\\L\bxp&\0	4KB 7=@y\\o\\s\\\-ɷ\}ط+:E랴\n\?xv\\\!ਖ਼9g\%@K[n\~[}O\΁N$fH\nI\.A\eut\ަ1X<o6|\D\NZ8..\Cpg\gwN&\\\rO־-lfFNڞ3\\eU|<xm7g1\PpT6=dޟ5\r\o\n77WݓnJ(X\0\=5K\X\Z],*$(\"\"cs\\/ /7\"1ɦ.zBt\R>	jz\bd$G\nz\Z|P.~\?\Sc\5\\ZS-n\z\eW\(\\\a\/`\\\(hg=*aFA\E\'Rh\-[s\![\0	FBA5\2\ u\n\jQβ,\x?\na׏Ƽ\˰\\TCKBA\9\\Q\ֿd\n%\\SQhI(df\ZB){\rsdq8\ng\\%\qPp\n\4XK\\\r\Ǧ\(X(4gO,\{\[z\ wV\nΚ\Fq9J(8\>\n_lN(\\tփv	\Z\\c\Z(4g\nc\\Yd\HB\DL\nܙ\ 7argF \	@BAZ4\(x7h\\'\#	P(\^pPxyzAnv\\#\MI@e\n*֊yG\n36\\\\AZA?4F`\ /\\ZC\&@\n0\H m<\\p\`\n\AvV>\[\H(Z\J\5-J+<\fI\#P]S\\1V\0-\0	(FBA1\6\h \\L=rwa\;\ŰĎv\\0	\FB6^ \\sI=cѫKnY\qe;\ǳ0qpge\\n	*(T=Z\neUXKn\a\E\B 9	W\!<@G\\Z;!Ppx{w \N\-\\'%\\ˇ\GWnDµ\B\#2\\\ P(\ђP\)\\\r$>^\\4W\`\w!)\:	P(\ IJ5 bڛ^cix}<64L\\\vFp?հtH\0A\-\nyd\@V	\^s:$\|Q\:AI0^\	P(\<u_BA,ۏ\a\U=ЭSXkCb=8YN\\\"\+kt6I\r(r3hY(d\Hw\$.\,\\gp\Tn\\`n\\,ye\\"@`|k](4T\\a|\\% (ޞ%ef|7\r>\^\tw\k(OB _3}\9\\\7}sݢOd\\\.#u\n֛H\n\z\n\"%Ŧj\H=\:`H.\mߪ9\K\\v\'v@/\d\z\\	\0Bk(9A	X\\d:EcPR7h\\(6P\{89Ÿ[,j0Gt\CB=t\VBAFT~9]˻Ga@XnҤ{OlX~;+bHW\P\0\HiP\BAP`ozcRB$AWVQ)gq8-W\aP|=\\\#\n;vt7\ d\\Z$)F|L(ՑkԾ\rΕ\pZ\\\`I$P I\(8\LBA&V_\*ơ%pswG\n\w\MU[[\\y8~2\Z	B\\`(\\r\0	h\0\{\(ٜ)4\HN)RrJ\)	q\\\\z>[|eGT zGso[ͱ		P(\8y\\BAfQc\\2\+G^\b\\%6\a+FΤg\tVNf \"\=#\32\0n\,ɖ\\Z뒀Pp^\"\+j_\,@\\d0:GSd0\#\\\\-ƙ\Bd\S:!1\~^\f0L P(D\I>7PNi8}\&d\0 :<\\\fN!ο]tQbS\bd\\0@\\/\C}ѥG\\0H@i\nJը=\i)2U#ЄJ-6\\!\0\!ґׁ~\\Z\f\nVTB\_Ts\ːWX/W\ 6\\Ή-d\r P(\&Ph>\b\"y\*F~Y%j,EH/|\ o\pw5WJF(.1Ԅ<\\\0ODz#2Л\	3LP\0\D5jBĈ\r\n*QP^\"S\r\5#%j\\\>^.oi\H/Owxy\\\\rnpw+\\\]\\\w\\\QWWK]=j-uXPScAuU5\\\\YZ\\U(7UA\\@B|=\\0?Ond{قH\(rkP((hse5(.SE̵T\\IWubmj-Bԡ\@.B4\0npws\	\\\\r\\\\\_\\//w\\n\\\Z\R5 -P\bVTBA4I$@ @`$)hI$@\nPPV\Q(h53HMBA\Q\;\n\P\	\0	\0A\M`D3L P\0\@jBA_$@$m\n\Ώb\Q((HHP(n\n$a\0	\(Us\nZ\\" mP\v~BA14D$@\"@`tS($\H&@0PP\jf\	\0	h\0w\n! 0\nB f$@$0\nj\V3CHH@\(żPP%\r\0	P($\\nI4\$ 	P((T\(E$@\&@\(\b(iHEB \P0H&	\0	(LBAaZ5G\\\/ \6\nm\G1\(CIC$@$`(\nI7A\0IH@a\n\nժ9\nf~\0		P(h;?yGJ\Z\" CP0H)hI$@\nPPV\Q(h53HMBA\Q\;\n\P\	\0	\0A\M`D3L P\0\@jBA_$@$m\n\Ώb\Q((HHP(n\n$a\0	\(Us\nZ\\" mP\v~BA14D$@\"@`tS($\H&@0PP\jf\	\0	h\0w\n! 0\nB f$@$0\nj\V3CHH@\(żPP%\r\0	P($\\nI4\$ 	P((ݳ\0\0\0IDATT\(E$@\&@\(\b(iHEB \P0H&	\0	(LBAaZ5G\\\/ \6\nm\G1\(CIC$@$`(\nI7A\0IH@a\n\nժ9\nf~\0		P(h;?yGJ\Z\" CP0HP0HHH@a7\k\0\0\0\0IENDB`',NULL,NULL,NULL,NULL,NULL,NULL,NULL),(319,'2020/2021','2021-01-13 16:13:49','2021-01-13 00:00:00',318,2,'ziad',NULL,NULL,NULL,NULL,NULL,NULL,NULL,NULL,NULL,NULL,NULL,NULL,NULL,NULL,NULL);
/*!40000 ALTER TABLE `inscription_administrative` ENABLE KEYS */;
UNLOCK TABLES;

--
-- Table structure for table `inscription_en_ligne`
--

DROP TABLE IF EXISTS `inscription_en_ligne`;
/*!40101 SET @saved_cs_client     = @@character_set_client */;
/*!50503 SET character_set_client = utf8mb4 */;
CREATE TABLE `inscription_en_ligne` (
  `id` int NOT NULL,
  `academy` varchar(255) CHARACTER SET utf8mb4 COLLATE utf8mb4_unicode_ci DEFAULT NULL,
  `bac_place` varchar(255) CHARACTER SET utf8mb4 COLLATE utf8mb4_unicode_ci DEFAULT NULL,
  `bac_type` varchar(255) CHARACTER SET utf8mb4 COLLATE utf8mb4_unicode_ci DEFAULT NULL,
  `bac_year` int DEFAULT NULL,
  `date` datetime DEFAULT NULL,
  `birth_place` varchar(255) CHARACTER SET utf8mb4 COLLATE utf8mb4_unicode_ci DEFAULT NULL,
  `city` varchar(255) CHARACTER SET utf8mb4 COLLATE utf8mb4_unicode_ci DEFAULT NULL,
  `cne` varchar(255) CHARACTER SET utf8mb4 COLLATE utf8mb4_unicode_ci DEFAULT NULL,
  `establishment` varchar(255) CHARACTER SET utf8mb4 COLLATE utf8mb4_unicode_ci DEFAULT NULL,
  `first_name_ar` varchar(255) CHARACTER SET utf8mb4 COLLATE utf8mb4_unicode_ci DEFAULT NULL,
  `first_name_fr` varchar(255) CHARACTER SET utf8mb4 COLLATE utf8mb4_unicode_ci DEFAULT NULL,
  `gender` varchar(255) CHARACTER SET utf8mb4 COLLATE utf8mb4_unicode_ci DEFAULT NULL,
  `high_school` varchar(255) CHARACTER SET utf8mb4 COLLATE utf8mb4_unicode_ci DEFAULT NULL,
  `last_name_ar` varchar(255) CHARACTER SET utf8mb4 COLLATE utf8mb4_unicode_ci DEFAULT NULL,
  `last_name_fr` varchar(255) CHARACTER SET utf8mb4 COLLATE utf8mb4_unicode_ci DEFAULT NULL,
  `massar_edu` varchar(255) CHARACTER SET utf8mb4 COLLATE utf8mb4_unicode_ci DEFAULT NULL,
  `mention` varchar(255) CHARACTER SET utf8mb4 COLLATE utf8mb4_unicode_ci DEFAULT NULL,
  `nationality` varchar(255) CHARACTER SET utf8mb4 COLLATE utf8mb4_unicode_ci DEFAULT NULL,
  `province` varchar(255) CHARACTER SET utf8mb4 COLLATE utf8mb4_unicode_ci DEFAULT NULL,
  `registration_date` datetime DEFAULT NULL,
  `accepted` int DEFAULT '0',
  PRIMARY KEY (`id`)
) ENGINE=MyISAM DEFAULT CHARSET=utf8mb4 COLLATE=utf8mb4_unicode_ci;
/*!40101 SET character_set_client = @saved_cs_client */;

--
-- Dumping data for table `inscription_en_ligne`
--

LOCK TABLES `inscription_en_ligne` WRITE;
/*!40000 ALTER TABLE `inscription_en_ligne` DISABLE KEYS */;
INSERT INTO `inscription_en_ligne` VALUES (322,'meknes','meknes','idk',2018,'2021-01-04 00:00:00','meknes','meknes','D549596','emile','wail','Wail','HOMME','emile','homan','Homan','M5895959','Bien','MA','meknes','2021-01-13 16:49:42',0),(320,'anfa','casablanca','pc',2018,'1999-01-11 00:00:00','casablanca','casablanca','BK1576555','hassan 2','sedki','youssef','HOMME','tazi2','Yooussef','sedki','R13598568','Trés bien','MA','CASA,Anfa','2021-01-13 16:42:58',0),(321,'TADLA AZILAL','BENI MELLAL','BIOF PC',2017,'1999-06-12 00:00:00','casablanca','Beni mellal','VA155564','JNAN TAHR','خالد','ouztato','HOMME','HASSAN 2','نعيمي','ilias ','M13008415','Bien','MA','casablanca','2021-01-13 16:47:34',0),(317,'meknes','meknes','math',2017,'1998-04-01 00:00:00','Meknes','Midelt','220','Bachelor','oussama','Oussama','HOMME','la rource bleu','boussif','Boussif','M12345678','Trés bien','BR','midelt','2021-01-13 16:13:49',3),(293,'meknes','midelt','pc',2010,'2000-05-30 00:00:00','Midelt','Midelt','VA18764668','hassan 2','حمزة','Hamza','HOMME','hassan 2','ايت عبد الوهاب','Ait abdelouahab','M158996','Bien','MA','midelt','2021-01-12 20:28:33',0),(292,'meknes','midelt','sm',2018,'2000-05-24 00:00:00','midelt','Midelt','VA123154','my rachid','خالد','Khalid','HOMME','my rachid','نعيمي','Naimi','M12001648','Trés bien','MA','midelt','2021-01-12 20:25:01',3);
/*!40000 ALTER TABLE `inscription_en_ligne` ENABLE KEYS */;
UNLOCK TABLES;

--
-- Table structure for table `inscription_pedagogique`
--

DROP TABLE IF EXISTS `inscription_pedagogique`;
/*!40101 SET @saved_cs_client     = @@character_set_client */;
/*!50503 SET character_set_client = utf8mb4 */;
CREATE TABLE `inscription_pedagogique` (
  `id_ip` int NOT NULL,
  `annee_academique` varchar(255) DEFAULT NULL,
  `date_pre_inscription` datetime DEFAULT NULL,
  `date_valid_inscription` datetime DEFAULT NULL,
  `etudiant` int DEFAULT NULL,
  `semestre_id_semestre` int DEFAULT NULL,
  PRIMARY KEY (`id_ip`),
  KEY `fk_etudiant` (`etudiant`),
  KEY `FKb8eil1es29730lwy0n8su060r` (`semestre_id_semestre`)
) ENGINE=MyISAM DEFAULT CHARSET=utf8mb4 COLLATE=utf8mb4_unicode_ci;
/*!40101 SET character_set_client = @saved_cs_client */;

--
-- Dumping data for table `inscription_pedagogique`
--

LOCK TABLES `inscription_pedagogique` WRITE;
/*!40000 ALTER TABLE `inscription_pedagogique` DISABLE KEYS */;
INSERT INTO `inscription_pedagogique` VALUES (297,'2018/2019','2021-01-12 20:25:01','2021-01-12 00:00:00',295,5),(305,'2018/2019','2021-01-12 00:00:00','2021-01-12 00:00:00',295,1),(311,'2018/2019','2021-01-12 00:00:00','2021-01-12 00:00:00',295,2);
/*!40000 ALTER TABLE `inscription_pedagogique` ENABLE KEYS */;
UNLOCK TABLES;

--
-- Table structure for table `inscription_pedagogique_module`
--

DROP TABLE IF EXISTS `inscription_pedagogique_module`;
/*!40101 SET @saved_cs_client     = @@character_set_client */;
/*!50503 SET character_set_client = utf8mb4 */;
CREATE TABLE `inscription_pedagogique_module` (
  `id` int NOT NULL,
  `note_module` double DEFAULT NULL,
  `validation` double DEFAULT NULL,
  `inscription_pedagogique` int DEFAULT NULL,
  `module` int DEFAULT NULL,
  PRIMARY KEY (`id`),
  KEY `FK7ba0yfer76mco3jpc7am9acle` (`inscription_pedagogique`),
  KEY `FK5avuycx5v86n7caw6sfexo3ci` (`module`)
) ENGINE=MyISAM DEFAULT CHARSET=utf8mb4 COLLATE=utf8mb4_unicode_ci;
/*!40101 SET character_set_client = @saved_cs_client */;

--
-- Dumping data for table `inscription_pedagogique_module`
--

LOCK TABLES `inscription_pedagogique_module` WRITE;
/*!40000 ALTER TABLE `inscription_pedagogique_module` DISABLE KEYS */;
INSERT INTO `inscription_pedagogique_module` VALUES (298,NULL,2,297,21),(299,NULL,2,297,22),(300,NULL,2,297,23),(301,NULL,0,297,24),(306,NULL,-1,305,1),(307,NULL,-1,305,2),(308,NULL,-1,305,3),(309,NULL,-1,305,4),(310,NULL,-1,305,5),(312,NULL,2,311,6),(313,NULL,2,311,7),(314,NULL,2,311,8),(315,NULL,2,311,9),(316,NULL,2,311,10);
/*!40000 ALTER TABLE `inscription_pedagogique_module` ENABLE KEYS */;
UNLOCK TABLES;

--
-- Table structure for table `module`
--

DROP TABLE IF EXISTS `module`;
/*!40101 SET @saved_cs_client     = @@character_set_client */;
/*!50503 SET character_set_client = utf8mb4 */;
CREATE TABLE `module` (
  `id_module` int NOT NULL,
  `libelle_module` varchar(255) DEFAULT NULL,
  `semestre` int DEFAULT NULL,
  `semestre_id_semestre` int DEFAULT NULL,
  PRIMARY KEY (`id_module`),
  KEY `FKdi4d9x4tg8c46iqss2eprwyly` (`semestre_id_semestre`),
  KEY `fk_semestre` (`semestre`)
) ENGINE=MyISAM DEFAULT CHARSET=utf8mb4 COLLATE=utf8mb4_unicode_ci;
/*!40101 SET character_set_client = @saved_cs_client */;

--
-- Dumping data for table `module`
--

LOCK TABLES `module` WRITE;
/*!40000 ALTER TABLE `module` DISABLE KEYS */;
INSERT INTO `module` VALUES (1,'algebre 1',1,NULL),(2,'analyse 1',1,NULL),(3,'analyse 2 ',1,NULL),(4,'java 1',1,NULL),(5,'algorithmmique 1',1,NULL),(6,'algebre 2',2,NULL),(7,'analyse 3',2,NULL),(8,'analyse 4',2,NULL),(9,'java 2',2,NULL),(10,'informatique',2,NULL),(11,'analyse numérique 1',3,NULL),(12,'probabilité',3,NULL),(13,'genie logiciel 1',3,NULL),(14,'genie logiciel 2',3,NULL),(15,'base de données',3,NULL),(16,'analyse numérique 2',4,NULL),(17,'statistiques',4,NULL),(18,'c++',4,NULL),(19,'projet 1',4,NULL),(20,'algorithmique 2',4,NULL),(21,'architecture des ordinateurs',5,NULL),(22,'Systeme d\'exploiatation',5,NULL),(23,'projet 2',5,NULL),(24,'jee',5,NULL),(25,'reseau',5,NULL);
/*!40000 ALTER TABLE `module` ENABLE KEYS */;
UNLOCK TABLES;

--
-- Table structure for table `note_module`
--

DROP TABLE IF EXISTS `note_module`;
/*!40101 SET @saved_cs_client     = @@character_set_client */;
/*!50503 SET character_set_client = utf8mb4 */;
CREATE TABLE `note_module` (
  `id_note_module` int NOT NULL,
  `note_module` double DEFAULT NULL,
  `inscription_pedagogique` int DEFAULT NULL,
  `module` int DEFAULT NULL,
  PRIMARY KEY (`id_note_module`),
  KEY `FKqwgnka5krujy92vj6ei84i5dn` (`inscription_pedagogique`),
  KEY `FKfq7ulbl37jdloyp1lofie813s` (`module`)
) ENGINE=MyISAM DEFAULT CHARSET=utf8mb4 COLLATE=utf8mb4_unicode_ci;
/*!40101 SET character_set_client = @saved_cs_client */;

--
-- Dumping data for table `note_module`
--

LOCK TABLES `note_module` WRITE;
/*!40000 ALTER TABLE `note_module` DISABLE KEYS */;
/*!40000 ALTER TABLE `note_module` ENABLE KEYS */;
UNLOCK TABLES;

--
-- Table structure for table `professeur`
--

DROP TABLE IF EXISTS `professeur`;
/*!40101 SET @saved_cs_client     = @@character_set_client */;
/*!50503 SET character_set_client = utf8mb4 */;
CREATE TABLE `professeur` (
  `id_professeur` int NOT NULL,
  `email_professeur` varchar(255) DEFAULT NULL,
  `mdp_professeur` varchar(255) DEFAULT NULL,
  `nom_professeur` varchar(255) DEFAULT NULL,
  PRIMARY KEY (`id_professeur`)
) ENGINE=MyISAM DEFAULT CHARSET=utf8mb4 COLLATE=utf8mb4_unicode_ci;
/*!40101 SET character_set_client = @saved_cs_client */;

--
-- Dumping data for table `professeur`
--

LOCK TABLES `professeur` WRITE;
/*!40000 ALTER TABLE `professeur` DISABLE KEYS */;
/*!40000 ALTER TABLE `professeur` ENABLE KEYS */;
UNLOCK TABLES;

--
-- Table structure for table `responsable`
--

DROP TABLE IF EXISTS `responsable`;
/*!40101 SET @saved_cs_client     = @@character_set_client */;
/*!50503 SET character_set_client = utf8mb4 */;
CREATE TABLE `responsable` (
  `id_responsable` int NOT NULL,
  `email_responsable` varchar(255) DEFAULT NULL,
  `mdp_responsable` varchar(255) DEFAULT NULL,
  `nom_responsable` varchar(255) DEFAULT NULL,
  `filiere` int DEFAULT NULL,
  PRIMARY KEY (`id_responsable`),
  KEY `FKf755a536use2tovxjsrdtj0c9` (`filiere`)
) ENGINE=MyISAM DEFAULT CHARSET=utf8mb4 COLLATE=utf8mb4_unicode_ci;
/*!40101 SET character_set_client = @saved_cs_client */;

--
-- Dumping data for table `responsable`
--

LOCK TABLES `responsable` WRITE;
/*!40000 ALTER TABLE `responsable` DISABLE KEYS */;
/*!40000 ALTER TABLE `responsable` ENABLE KEYS */;
UNLOCK TABLES;

--
-- Table structure for table `semestre`
--

DROP TABLE IF EXISTS `semestre`;
/*!40101 SET @saved_cs_client     = @@character_set_client */;
/*!50503 SET character_set_client = utf8mb4 */;
CREATE TABLE `semestre` (
  `id_semestre` int NOT NULL,
  `libelle_semestre` varchar(255) DEFAULT NULL,
  `etape` int DEFAULT NULL,
  `filiere` int DEFAULT NULL,
  PRIMARY KEY (`id_semestre`),
  KEY `fk_etape` (`etape`),
  KEY `fk_filiere` (`filiere`)
) ENGINE=MyISAM DEFAULT CHARSET=utf8mb4 COLLATE=utf8mb4_unicode_ci;
/*!40101 SET character_set_client = @saved_cs_client */;

--
-- Dumping data for table `semestre`
--

LOCK TABLES `semestre` WRITE;
/*!40000 ALTER TABLE `semestre` DISABLE KEYS */;
INSERT INTO `semestre` VALUES (1,'1er semestre',1,1),(2,'2eme semestre',1,1),(3,'3eme semestre',2,1),(4,'4eme semestre',2,1),(5,'5eme semestre',3,1),(6,'1er semestre',4,2),(7,'2eme semestre',4,2),(8,'3eme semestre',5,2),(9,'4eme semestre',5,2),(10,'5eme semestre',6,2),(11,'1er semestre',7,3),(12,'2eme semestre',7,3),(13,'3eme semestre',8,3),(14,'4eme semestre',8,3),(15,NULL,3,1),(16,NULL,6,2);
/*!40000 ALTER TABLE `semestre` ENABLE KEYS */;
UNLOCK TABLES;
/*!40103 SET TIME_ZONE=@OLD_TIME_ZONE */;

/*!40101 SET SQL_MODE=@OLD_SQL_MODE */;
/*!40014 SET FOREIGN_KEY_CHECKS=@OLD_FOREIGN_KEY_CHECKS */;
/*!40014 SET UNIQUE_CHECKS=@OLD_UNIQUE_CHECKS */;
/*!40101 SET CHARACTER_SET_CLIENT=@OLD_CHARACTER_SET_CLIENT */;
/*!40101 SET CHARACTER_SET_RESULTS=@OLD_CHARACTER_SET_RESULTS */;
/*!40101 SET COLLATION_CONNECTION=@OLD_COLLATION_CONNECTION */;
/*!40111 SET SQL_NOTES=@OLD_SQL_NOTES */;

-- Dump completed on 2021-01-13 16:56:40
